id,Domain,Status,Attractiveness,Demand,Length,Registrar,Created,Expires
60550463-0a7e-4b8d-b45e-ea3a23f01e78,abactinal.shop,available,50,1,9,,,
4c43999d-a3b2-4d8c-aa1b-a03844732bdc,abashed.shop,premium,60,2,7,,,
f0995570-3088-4c46-800a-be67d9cb8084,abasic.shop,available,54,2,6,,,
7a6008ca-749d-4c7c-9c4b-20af273947f2,abatable.shop,premium,54,1,8,,,
38c09574-a5aa-46f2-b844-e3dbf3c160fd,abatic.shop,available,54,2,6,,,
3386d023-f7c0-4680-850a-c15f990751ac,abaxial.shop,premium,54,2,7,,,
801ff5fa-9e19-453a-af84-e628a8255a3e,abbatial.shop,available,50,1,8,,,
408259d3-64d6-407b-b574-0c66a552864e,abdicable.shop,premium,50,1,9,,,
2e277cb3-1947-4541-b043-61344f9343b4,abdominal.shop,available,82,1,9,,,
6ee98026-83bb-48b7-9c76-0313d9df131b,abdominous.shop,premium,56,1,10,,,
9e36f482-1d4f-4c7f-a75f-6925b66937a8,abducens.shop,premium,54,1,8,,,
f7a91ea6-00e9-4756-ac4a-731823f0378b,abducent.shop,available,68,1,8,,,
d982329c-3685-4082-bd93-e76b4723fc25,abducting.shop,premium,50,1,9,,,
d715ae92-8f56-4559-8243-86e7a331af4a,able.shop,premium,80,26,4,,,
64f1e42e-06cb-4566-abbf-dd7145faab87,about.shop,premium,94,26,5,,,
6ebde8e2-aade-4209-8170-34f332d80e31,abreast.shop,available,72,3,7,,,
4cf44506-a441-471f-817e-bce7ae5d98ee,abridged.shop,premium,58,5,8,,,
b57cd25b-c6d5-4cfe-9618-84ec181657f0,abroach.shop,available,82,1,7,,,
45815cb1-5ab8-4707-99dc-0e2bf1927f43,abstainer.shop,available,60,1,9,,,
2ea35c76-6c01-462d-8fc6-35c074568b20,accusation.shop,available,66,2,10,,,
98a9fbae-fff0-4f3d-b7cd-698f34d5bff3,accused.shop,available,82,3,7,,,
9f5288b2-1b4f-4937-9f69-59bc14ca815b,accusive.shop,premium,40,1,8,,,
9d0cd4e9-8b82-4322-b714-fd55c4637b4f,ace.shop,premium,88,31,3,,,
1757824f-bbb2-44f3-91e5-8956babe3c34,acephalous.shop,available,46,1,10,,,
32219dde-868c-4b0e-8260-ad063b1659bf,acquirable.shop,available,47,2,10,,,
5043a9ac-aaab-4e2b-b062-1776b56306eb,acquired.shop,available,47,8,8,,,
d7b0dc66-c374-4dc1-a653-f98c5f37b666,acquitted.shop,premium,50,1,9,,,
311cbb3b-6540-413e-8e80-cab6129794c4,active.shop,premium,104,22,6,,,
21e6f4ba-7edf-4bfb-9052-b05ba7626d71,acute.shop,premium,112,8,5,,,
12fb9dd8-2c7a-4cbb-8835-4baadab48c44,adactylous.shop,available,50,1,10,,,
73d7531b-9447-495c-be11-784ae6f4ec9a,adhesive.shop,premium,76,8,8,,,
54813ac4-c8ee-4c29-88d8-0a88a554bd83,adhominem.shop,available,50,3,10,,,
77347f97-cb65-4c1d-9966-5f47554bf3ba,adiabatic.shop,available,72,3,9,,,
c0819a47-40e6-49d2-9c2b-c8fe48bb7375,adient.shop,available,58,5,6,,,
613b0d8a-e126-419a-b380-d5c86e83712e,adipose.shop,available,76,2,7,,,
1b5bfa5a-b445-4453-9314-0de5b7af53f6,adjectival.shop,available,72,2,10,,,
a87e7345-e044-4aa0-8d8f-c90c8c5b042f,adjective.shop,available,92,6,9,,,
9eb7391c-44c3-4e7d-b7f3-2856af28df5f,adjustable.shop,resell,84,3,10,"Spaceship, Inc.",31/03/2025 01:56,31/03/2026 23:59
6c2d42ae-25ae-4168-b53c-bbcca790055b,adjusted.shop,available,70,4,8,,,
d749a5cc-cf0d-4dd0-a88a-9c8c81456b8b,adpressed.shop,available,54,1,9,,,
1fad4777-8ba7-4e5f-9e5e-c17f34578ac8,adrenal.shop,available,78,4,7,,,
4fdc8a8d-2b2e-4b5e-8fcb-16478acb8e21,adrenergic.shop,available,74,1,10,,,
b2cb316b-ece9-4934-bdc9-b2412f5284cd,advice.shop,premium,82,22,6,,,
92f6634e-52bc-4da6-a6fb-5390f38200ba,adviser.shop,resell,80,12,7,"XIAMEN CHINASOURCE INTERNET SERVICE CO., LTD.",14/07/2025 01:06,14/07/2026 23:59
4d96ad35-161f-422e-935b-3205b107e59c,affordable.shop,premium,70,16,10,,,
eb53d584-9b22-4b55-8a51-44720a155069,afghani.shop,premium,68,3,7,,,
46039168-d27f-4bb1-a973-501d0cf81518,again.shop,available,76,13,5,,,
5cfba57a-1446-4410-be07-45689e8758a6,agog.shop,premium,76,5,4,,,
cffdd25d-ac8d-4d89-ad13-d4e45a21f1b5,ague.shop,premium,76,1,4,,,
6412bebe-1da7-4b88-a056-d679f3d90760,aid.shop,premium,66,18,3,,,
8a864086-e9d6-419c-ba4c-5546ecc2888b,aide.shop,premium,80,14,4,,,
8b7ec392-643c-4b4d-abe7-53d3151d42ce,ala.shop,premium,84,14,3,,,
b923d559-6921-445b-9e91-b31d461296cc,alabama.shop,premium,90,14,7,,,
ea29156c-4ad3-4296-a36f-8415a67c3668,alamode.shop,resell,96,11,9,"Spaceship, Inc.",25/06/2025 09:43,25/06/2026 23:59
03e69947-044a-4778-82ee-ab4b3cc70d56,allegoric.shop,available,60,1,9,,,
235c16bb-e52a-4933-87c0-5b6cde54fdfd,allegretto.shop,resell,76,3,10,ALIBABA.COM SINGAPORE E-COMMERCE PRIVATE LIMITED,28/03/2025 12:25,28/03/2026 23:59
b162fc4b-09aa-4e46-b438-a20fb0efbf9b,allegro.shop,resell,100,20,7,"Spaceship, Inc.",26/02/2024 00:27,26/02/2026 23:59
a03930d5-0203-4436-b183-0699d8ec3c92,allelic.shop,premium,50,1,7,,,
aed1bb4c-2fb5-415e-996e-f1c920da28b3,allergenic.shop,premium,54,1,10,,,
3ce46340-c1fb-4aa0-bb2a-6e679d78225d,allergic.shop,resell,84,3,8,"Spaceship, Inc.",13/04/2025 19:57,13/04/2026 23:59
52e25561-30d7-413d-becd-2f539036740f,alleviated.shop,available,66,1,10,,,
edfc2aad-d9db-4232-adaa-30de56f9ba82,allogeneic.shop,available,54,2,10,,,
1295b15c-f66f-4fb0-a12b-73840c652dfc,allomerous.shop,available,54,0,10,,,
152bdf04-0f68-49eb-bfe5-70135ea0db7f,allometric.shop,available,54,1,10,,,
99cb3388-f526-4b00-b228-63d07bd1415d,allopathic.shop,available,54,1,10,,,
d11c917b-467f-4dad-ac35-1e795f2c02f7,allopatric.shop,premium,54,0,10,,,
cd031fa5-c90d-43c5-bdd7-a29a3799e52c,allophonic.shop,premium,46,1,10,,,
04f7c9e2-ecd5-42c4-b5df-0cf7e3c78985,allotropic.shop,premium,46,1,10,,,
75671305-0a38-4f7c-8b19-74dcbed756d4,allotted.shop,premium,62,1,8,,,
1d0714d9-4030-4517-b03d-2d725f04c676,allowable.shop,premium,82,1,9,,,
e1afc891-92b5-4194-a30e-5033bfff6051,alloyed.shop,premium,58,4,7,,,
3bb69e42-0baf-4064-9336-65fc52c47934,aluminous.shop,premium,56,3,9,,,
8ffaef58-528c-4c41-8ea4-6da3236a090d,alveolar.shop,premium,80,1,8,,,
51bd247e-6c84-41b7-8b03-c61e604f624c,alveolate.shop,premium,74,1,9,,,
15fd1942-3acc-4303-9847-d5dbbb07e0c8,ameboid.shop,premium,74,1,7,,,
ed0cfc5a-1904-42e3-8ea7-7f793705170a,amenable.shop,premium,68,2,8,,,
c996c640-8a51-4dd9-9276-1664c8cc3ad9,amendable.shop,premium,68,1,9,,,
e46c9be8-7b43-414c-bc5d-9bf201788d02,amendatory.shop,premium,56,1,10,,,
01ce881f-07b8-40c3-ac90-837e2ab917f9,amoeboid.shop,premium,70,1,8,,,
249ce2e7-7351-4c7e-a657-13ead24a17d6,ampullar.shop,premium,46,1,8,,,
74cc5ca0-9f27-4d35-b84a-ac312ac0a178,ampullary.shop,premium,46,1,9,,,
69f01e05-bb76-42b4-b5ff-7cbc24a9d6c8,anapaestic.shop,premium,64,1,10,,,
d9a04586-cb20-4ccc-be73-ee5e51102d04,anaphasic.shop,premium,46,1,9,,,
88f79937-37a5-4313-b8f2-94e28e7c6c15,anaphoric.shop,premium,41,1,9,,,
e8d4abe9-5c1d-49e4-913e-6572f3bd872d,anaplastic.shop,premium,46,1,10,,,
b7e15ff4-62f0-4561-8c49-2941bb53e969,anarchic.shop,premium,40,2,8,,,
ef0f1f59-95d0-48f6-bbf2-2adebcc28818,anarchical.shop,premium,40,1,10,,,
51d0e0d4-4d60-4ab3-8649-e8842ca94e30,angolan.shop,premium,76,3,7,,,
47271adc-0f7c-4f0b-8d8e-83b805266d04,animal.shop,premium,92,23,6,,,
bd091b3b-809b-462e-a25a-22ed55fb5016,antitumor.shop,available,88,1,9,,,
5bc941d9-5659-4a3a-a16a-20a9d438d812,antitumour.shop,available,70,1,10,,,
4e4d4c7c-7bfc-4095-9d69-3e7af9aa3bab,anuretic.shop,premium,46,1,8,,,
ac617174-afb9-4059-9355-017bac6bb907,anuric.shop,available,50,1,6,,,
e5bf8a99-ca07-4217-adfd-2b9ca4eb407d,anurous.shop,available,50,1,7,,,
1f1ac6fd-41ea-4d60-b431-d7afa832ff9f,anxiolytic.shop,available,80,1,10,,,
144cf652-6414-4a48-93d2-a7f19c25c706,aoristic.shop,premium,46,1,8,,,
0c378b22-6a89-4f95-afbb-578ba790b97f,aortal.shop,premium,50,2,6,,,
7a6bede2-824b-4580-9c31-bcd605f40e5f,aortic.shop,premium,54,3,6,,,
3f2023de-8542-4cd3-bf11-a3a89fa0933e,apart.shop,premium,78,11,5,,,
553099ae-9451-4cd5-9e58-e4df4c39e935,apathetic.shop,premium,41,3,9,,,
5334809a-3dea-45d7-96dc-3ba38f2f30ef,aperient.shop,premium,64,1,8,,,
d77cdce2-88c0-4298-8ba3-8e4e351fb0bf,apophatic.shop,premium,46,1,9,,,
b511dde0-2b72-4ddd-934b-9a6db85cf78b,apophyseal.shop,resell,43,1,10,"Namecheap, Inc.",13/08/2024 11:03,13/08/2026 23:59
1907b609-aa72-477d-82ec-5886060a791a,apoplectic.shop,premium,64,2,10,,,
a495935c-ca15-4026-a885-b62da3955385,appressed.shop,premium,56,1,9,,,
3cc49ea3-d886-477e-9d3d-f7727faf76fd,apriori.shop,resell,48,14,8,"Spaceship, Inc.",17/10/2024 23:11,17/10/2025 23:59
ced6f92e-a740-49e6-86f7-6b4b2da4bd6b,arbitral.shop,available,46,2,8,,,
391ad3d2-d5bf-46ea-9c7f-df84dfc4420e,arbitrary.shop,premium,64,9,9,,,
77b4bd3e-8bf1-42cb-bfb9-c42970ce3dc5,arboreous.shop,available,50,2,9,,,
61bb69a8-fedf-4d54-a54e-a4f4092da9d3,areal.shop,premium,50,11,5,,,
288f4bd7-c344-4f97-9188-2a169e1e7a49,arenaceous.shop,available,46,1,10,,,
70e57275-01dd-40cd-92b1-138c0b16449c,armored.shop,premium,66,7,7,,,
06dbc5c0-e4c3-4854-bc3c-334c7062644c,arrogant.shop,premium,56,4,8,,,
5fdded7f-a833-4509-ad3a-cce7953eb45d,articulate.shop,premium,102,17,10,,,
125f98f5-9afe-48cc-b6cb-9b5a42aaaea1,arts.shop,premium,76,23,4,,,
fd64bfeb-81c9-43b5-a885-d89a0f89dbf3,assaultive.shop,premium,52,1,10,,,
4cfab29a-04e6-4231-af44-055c64ec6dba,assistant.shop,resell,74,21,9,"Spaceship, Inc.",28/05/2025 12:10,28/05/2026 23:59
1416db8b-f830-483a-be0a-2267167cc5e7,astheysay.shop,available,44,1,11,,,
955706cd-788e-4647-931b-ff3d2a08e059,astylar.shop,available,49,1,7,,,
f931ffd5-2ad8-4be8-a705-a01cfb92f4f5,asymmetric.shop,resell,44,15,10,ALIBABA.COM SINGAPORE E-COMMERCE PRIVATE LIMITED,27/03/2025 09:28,27/03/2026 23:59
24e2230a-159a-4875-b533-2285c77bfb4c,asymptotic.shop,premium,38,4,10,,,
14acd9e5-48e9-40a5-8c46-def2b945f1a4,atstake.shop,available,58,3,8,,,
bd154a82-2fc1-40f1-9b16-3d8ab6cbf3a3,aucourant.shop,available,58,3,10,,,
ab167030-990d-4871-8760-042d7463aa0b,auctorial.shop,available,45,1,9,,,
259b9925-24d0-43a0-8e3e-1bc697493d0a,aufait.shop,premium,62,4,7,,,
99787ef1-6885-4ddc-b1bf-cff9814bd67a,augratin.shop,available,70,1,9,,,
a190ff1d-7486-48cc-adcc-1ace9095a03b,auxinic.shop,premium,56,1,7,,,
0dbdc4ee-8f7d-44fc-a73c-c6b166f2db05,available.shop,premium,78,15,9,,,
bfbc5791-14bf-4801-aaa5-08f866b4f635,awaken.shop,resell,76,22,6,"XIAMEN CHINASOURCE INTERNET SERVICE CO., LTD.",30/03/2025 01:27,30/03/2026 23:59
344c0e86-298a-4fb4-b603-bb2e22275ed0,backstair.shop,premium,63,1,9,,,
36e472f3-9fe9-4cda-be0f-5a179f589f39,backstairs.shop,premium,63,1,10,,,
8ec63869-08e1-49b7-94fa-48c3ec8ae3d3,backswept.shop,available,44,1,9,,,
9a3a6943-faaa-48f8-b744-996fb814349c,backward.shop,resell,88,5,8,"Spaceship, Inc.",02/08/2025 19:48,02/08/2026 23:59
70527955-23e2-48b5-b60e-871abae9d295,bahrain.shop,premium,64,5,7,,,
1707b885-1097-482e-a17e-999258cec5b2,balance.shop,premium,100,26,7,,,
33079b41-6966-4e6b-8f9c-202dab848615,balmy.shop,premium,72,5,5,,,
fe143288-25e5-4e50-bb06-81f79d643ddf,barbadian.shop,premium,68,0,9,,,
0efe3707-cd99-4950-a745-d98a21fc5839,barbarian.shop,premium,64,9,9,,,
6af31fde-3786-4846-865a-d3a918e8934a,barbaric.shop,premium,42,3,8,,,
73c2c8db-e9e5-4f08-a53d-188880b4eba3,barbarous.shop,premium,40,1,9,,,
76809dc3-066e-4023-b308-c34368f55335,barytone.shop,premium,60,0,8,,,
470e3f45-0f88-4761-a0a7-4c23b5c46a2b,bash.shop,available,88,21,4,,,
40f8c600-f3c5-41b3-972d-4d7b84ecdf8c,bass.shop,premium,64,20,4,,,
6453ce16-14c3-4f99-9e81-6866fbeec816,batman.shop,resell,96,18,6,"Sav.com, LLC",12/07/2024 01:51,12/07/2026 23:59
283c8d4c-3cc0-4b67-a584-5295cad0f031,beautiful.shop,premium,104,24,9,,,
52f721c0-d52e-4853-b797-284555436a2d,bedrid.shop,premium,48,1,6,,,
af8bb825-bd56-47c7-9498-4c3a7c057d3c,biddable.shop,premium,54,3,8,,,
d9bf35d3-674e-45bb-b1af-cf5bd6e80d73,bill.shop,premium,70,25,4,,,
f81693c7-82e1-4219-b909-d5f99574156b,blue.shop,premium,92,27,4,,,
abb4923b-e93d-46be-9d16-d51c203a0cf4,bogus.shop,premium,39,11,5,,,
042d22d5-6985-4802-a76c-26d4436b88d3,book.shop,premium,82,46,4,,,
64f210ea-3401-4cb9-bdb7-3b043794fd0b,bootleg.shop,premium,100,10,7,,,
094c2b78-b9f5-485b-9aa6-b38c2d15ac51,bothered.shop,available,64,1,8,,,
8cecf6b1-1765-45bc-8f4d-0fdfd21f4eca,bouncing.shop,premium,90,3,8,,,
a1452e17-303e-4fda-bce1-bc7a59db8ed6,brief.shop,premium,124,18,5,,,
85a9d29e-fc7d-4947-8943-87bfe50b21f3,bringing.shop,available,66,2,8,,,
e01dfab9-9445-4e60-8f97-3705bbcd4cdf,britain.shop,premium,104,23,7,,,
e6e6d900-e4fc-47af-b9a6-123ecc4ab059,british.shop,premium,98,19,7,,,
79370caa-a971-4143-8f8b-e7f2345eaad9,broadband.shop,premium,92,17,9,,,
e5545fbe-8232-4a7b-85fd-1ad2fed7647e,bye.shop,premium,72,12,3,,,
bffe3e70-9abf-4e43-a80b-307d7287b1f6,byebye.shop,premium,98,9,7,,,
147e3ff1-0a61-426c-82fa-5dafe10ca14d,can.shop,premium,68,5,3,,,
6e00e804-d5ee-4bc2-b6a2-301459aee0f2,carry.shop,premium,58,15,5,,,
4df2f7e1-23fd-49aa-a539-7ad5b79159f1,casual.shop,premium,94,16,6,,,
8a5474ef-73ce-498a-a7a5-940764026e2f,cat.shop,available,92,29,3,,,
a13d3fb9-10fa-417f-b93a-69e253e12a86,cavitied.shop,premium,50,1,8,,,
a4ecdf7e-5da1-4f0a-9faf-bca536fe5a9d,ccc.shop,premium,64,38,3,,,
f754c160-50ec-4885-b58a-f1e897536954,centesimal.shop,premium,58,1,10,,,
c3acea8f-76aa-401b-a6ee-0f2a00799fb2,chagrined.shop,available,52,2,9,,,
7bc55d34-db48-4120-b07b-93b65b036e28,channukah.shop,available,68,1,9,,,
e483c784-fe46-4576-812c-8e5867622f8a,chanukah.shop,resell,68,5,8,GoDaddy.com LLC,25/01/2019 22:10,25/01/2026 23:59
47340e4d-dd87-4c37-8314-0517015f422c,chocolatetruffle.shop,available,80,1,17,,,
76c1e0bc-4e8b-4a56-8c1b-632c72d212e4,cipher.shop,premium,86,29,6,,,
cb6ebf4c-db3b-423f-8a6f-f69a30fa4651,clean.shop,premium,130,28,5,,,
a3154303-59e5-4a5b-9444-efc8782ba49d,closeto.shop,resell,58,3,8,Realtime Register B.V.,21/12/2024 02:35,21/12/2025 23:59
a78da0d1-b212-4f0f-bf29-bfa144fcb373,clv.shop,premium,66,10,3,,,
7af001b0-5255-422c-9e4a-247fd3030c8b,clx.shop,premium,60,8,3,,,
fc0731c3-1f2d-4bae-8a6a-201464b7658d,clxv.shop,available,60,1,4,,,
4eb6568a-6f7e-4c00-948f-87379c7f6081,clxx.shop,premium,60,2,4,,,
ba702bd4-c98f-44a8-b60b-a3a90e4889f4,clxxv.shop,available,60,1,5,,,
504674c9-d852-48db-b2a8-6e76e6836f48,clxxx.shop,available,60,1,5,,,
49e8041a-6905-42f3-8e2c-b7128dfab9d3,colour.shop,premium,116,15,6,,,
eac7c31c-8a04-460a-8a52-41d294cf428e,comforted.shop,available,72,1,9,,,
034c0fc8-8d3b-42d2-aa2a-97118c9b7847,commercial.shop,premium,91,18,10,,,
630b1b68-1284-4bb0-a988-1af8bc05172e,committed.shop,premium,75,7,9,,,
d3e93118-0067-4fb2-827e-f6a167507035,comparable.shop,premium,87,3,10,,,
bd3503f7-d871-4d10-a918-bec14281ac8c,compatible.shop,premium,91,7,10,,,
7d0e7bab-8c53-4200-82c8-dd9811b234d4,computerchip.shop,available,72,2,13,,,
a84887b1-a250-4113-9cfe-01ed286e9efa,contingent.shop,available,80,6,10,,,
0580a5b1-aa8d-4732-8236-04fae49e6b82,conventionally.shop,available,54,1,14,,,
db84a36d-2f58-4437-9770-63cd806850cb,curse.shop,premium,78,10,5,,,
ef583913-c01c-4cd9-ac94-664b8486770a,cxv.shop,premium,60,4,3,,,
b20f2b41-e550-4d58-9067-7d928813140c,daring.shop,premium,86,11,6,,,
f1b23ff8-4561-4c26-9c9d-57594cfc6533,deceased.shop,available,64,3,8,,,
7e271a00-f771-40a4-b644-bcb4ba398beb,default.shop,premium,94,21,7,,,
61f68738-0482-411a-9c37-0dc3c5188b15,derive.shop,premium,72,12,6,,,
53168c67-19d7-4210-a018-ef53063a6b30,destined.shop,premium,70,5,8,,,
8c2d74bb-b156-44c6-a2b4-533ece5ce1fc,detest.shop,available,62,2,6,,,
478f0e53-8191-490c-8bbd-272b382bb464,diamond.shop,premium,76,27,7,,,
60f5d584-cc63-46c6-9ddb-a0cce56fa8a7,directing.shop,premium,66,2,9,,,
ebe7887f-2803-4b6b-8b0c-70b00fa186ae,dirt.shop,premium,64,21,4,,,
5902d7bb-994e-4f83-b96a-d6a708436991,disciple.shop,premium,68,14,8,,,
92ab454c-6b84-43d5-a77b-492fe448f136,dotty.shop,premium,52,8,5,,,
768ce840-292c-4251-89c4-1dfcaf1c7471,dramatic.shop,premium,68,5,8,,,
74501a04-3c01-498e-9ce1-90e74cc877d7,due.shop,premium,72,12,3,,,
cd05874f-ceb2-41ef-a5dd-7bad58325062,eighteen.shop,premium,76,6,8,,,
076d2891-c131-43e8-b929-f4e88f11adb2,eighteenth.shop,premium,62,1,10,,,
5ccdacad-afd2-4061-8ec5-48bae94b567e,eleven.shop,premium,88,29,6,,,
6f15704a-7808-4a94-9526-984512bf0a27,erase.shop,premium,86,9,5,,,
c4fe5086-8914-497c-ac0d-042e0035298d,exactly.shop,premium,84,7,7,,,
e2600fb5-b416-4bf1-b415-b2b0c8b2ef0a,exhibit.shop,premium,97,12,7,,,
c7c3ccba-4218-4c89-a666-6473696ba5f1,fall.shop,premium,68,14,4,,,
907e2ac2-cfb2-4116-a91f-ba7f7349d266,faveolate.shop,premium,50,1,9,,,
eeb1defa-05ae-40e8-922e-d0ce9a859e1c,fifteen.shop,premium,88,11,7,,,
34ae65b3-5013-4289-af00-8049af382c5a,fifteenth.shop,available,76,2,9,,,
6bc68846-0dcd-4ba7-a0f1-2bf86fc3586f,fiftieth.shop,premium,68,1,8,,,
123bb293-8f53-4e7d-a546-f0c9e451970d,fiftyone.shop,resell,56,8,9,ALIBABA.COM SINGAPORE E-COMMERCE PRIVATE LIMITED,27/03/2025 14:41,27/03/2026 23:59
c248eb29-41e3-4a92-a884-65d9810fe796,fiftysix.shop,available,56,4,9,,,
25da4817-1d63-4901-9f27-9368ee8345fb,fiftytwo.shop,resell,56,6,9,ALIBABA.COM SINGAPORE E-COMMERCE PRIVATE LIMITED,28/03/2025 14:20,28/03/2026 23:59
7884e71b-0e35-41fa-92cc-0c761ea28f59,finalsay.shop,available,72,2,9,,,
ae6b9d9a-2ae6-4244-a5cc-49b1c2f6a70a,fitness.shop,premium,78,29,7,,,
ce5f5d2b-bd3b-4b9d-8eef-7779fa04562a,flow.shop,premium,96,60,4,,,
d58191a8-2606-4f6e-b2e3-43f47d4cbbdd,flower.shop,premium,74,23,6,,,
76fe299f-f9df-4ca5-98c6-5b93cc3b82fd,forced.shop,premium,67,4,6,,,
d09070d3-d567-46c0-98b0-a37e75050b53,fortieth.shop,premium,68,1,8,,,
e9e6a499-b35d-41e4-9839-ae349aa0060b,fourteenth.shop,premium,76,2,10,,,
2245b70a-5812-481f-899c-dd7588d3639a,Franks.shop,premium,62,14,6,,,
b52e4a69-259a-45aa-bd4b-909ef26a5f09,frog.shop,premium,86,37,4,,,
d1d0d627-8445-439a-87c7-34e632fc8991,fruity.shop,premium,84,10,6,,,
96186d76-78f4-4226-9a2e-4352012e087a,funfair.shop,resell,80,5,7,ALIBABA.COM SINGAPORE E-COMMERCE PRIVATE LIMITED,27/03/2025 14:35,27/03/2026 23:59
245b0ae3-5c04-496d-b749-9e60fc2c9a0a,furtive.shop,premium,58,5,7,,,
9f1ae37c-172b-4c04-94d0-1f002d313789,gone.shop,premium,80,13,4,,,
448ec00c-bbea-4f1e-9355-cefe8db5f7f3,gray.shop,premium,68,27,4,,,
6afa7eb7-1b09-4c96-83ae-798e9f5b6cbe,grey.shop,resell,86,22,4,ALIBABA.COM SINGAPORE E-COMMERCE PRIVATE LIMITED,26/09/2020 00:15,26/09/2026 23:59
9b218b31-4c24-46f9-a40f-4c528b299288,hanukah.shop,available,80,2,7,,,
a99ef1c3-b629-478c-aa5c-00b0226e5ab1,hard.shop,premium,50,17,4,,,
a70a4bd7-7a13-4cfe-b481-0a3f4b891d60,harvard.shop,resell,72,13,7,"XIAMEN CHINASOURCE INTERNET SERVICE CO., LTD.",14/07/2025 01:10,14/07/2026 23:59
c32fa577-47b7-4f33-9e6c-7f7d6055e142,hatred.shop,premium,60,4,6,,,
46d0679e-5ce2-4ba5-bb3f-a179bfbe8776,hattrick.shop,premium,76,8,9,,,
b1c63aaf-44b4-4723-9247-f1f86a21438b,heavy.shop,premium,122,19,5,,,
79ce3f8f-957f-4eb4-a67a-6765cb6a8faf,hindend.shop,premium,38,1,8,,,
61f3bec9-cfd8-46a6-8357-02fb8d37ea84,hopefully.shop,premium,70,4,9,,,
75bc9b84-b96a-4a90-8525-84bf08d94209,Ihearyousay.shop,available,54,1,14,,,
68be2e02-069f-4226-93f2-1bbcaefaa9f7,iii.shop,premium,54,24,3,,,
299e5ce5-2c0d-47d4-817f-0e8230412140,implausible.shop,available,52,2,11,,,
c5ea9a07-48a3-43c1-b407-03227ce33b9b,improvise.shop,premium,76,3,9,,,
3828edd7-87b1-4f7a-a0c7-c3cf83aeb8f4,include.shop,premium,99,12,7,,,
bcee42c3-3a5b-486e-b48f-6d22d53d7426,isolated.shop,premium,56,6,8,,,
5ab819cb-bf61-408f-a05a-4bb2a4b70d94,joke.shop,premium,98,15,4,,,
1b76288b-6dfc-4560-af24-dfc7fff43b87,justabout.shop,premium,58,2,10,,,
bb1abf3b-6d0a-4e3f-8517-cc7fbcc8989a,keister.shop,premium,34,2,7,,,
d551d34b-7075-4d62-bad8-786139b818a9,kooky.shop,premium,74,8,5,,,
532471ca-f901-4d30-9776-6788abfcbf90,laborious.shop,premium,50,1,9,,,
9487e7f3-f492-4ded-b9f3-74672230632c,lag.shop,premium,64,11,3,,,
00b4225d-4158-4d77-a104-90440ed8629b,language.shop,premium,116,24,8,,,
b8fb9cb4-95e6-4819-83eb-396c4488127f,leavethedooropen.shop,available,80,1,19,,,
c2eccca1-fbf2-46c7-ae08-29d128d119ec,licenced.shop,available,68,2,8,,,
ad3e6700-15d2-4f09-9c15-cf1e6f980348,lii.shop,premium,56,7,3,,,
860bb051-8d2a-4564-ad37-95d9b3711efa,liii.shop,available,56,4,4,,,
dfa94c5a-7593-43be-b240-aed065a6c555,limiting.shop,available,65,1,8,,,
d1586383-1098-4eb6-a7cc-3f6256eab8be,little.shop,premium,76,27,6,,,
c8802d7a-b933-4a87-9b0c-4fc45076d843,liv.shop,premium,72,28,3,,,
5fb01aa9-d174-4479-a261-07fb00324e93,loose.shop,premium,44,10,5,,,
8b011d53-6405-4596-af77-687146da60ae,lost.shop,premium,66,27,4,,,
eb90f33d-c52f-4674-965d-7000e5637af0,low.shop,premium,78,16,3,,,
4bfbcbe2-8828-4fbb-95da-9610503cdae5,lowpriced.shop,premium,66,1,10,,,
ddf693b2-fb97-4037-a745-dc8b352b1c8d,lucky.shop,premium,76,36,5,,,
263649cb-8dd2-493c-a95e-3157ce63904e,lucrative.shop,resell,70,5,9,"Spaceship, Inc.",03/05/2025 08:03,03/05/2026 23:59
4794b26e-7562-4c54-b85c-495c265cf702,lvi.shop,premium,56,8,3,,,
0bbde1b7-ba86-42c3-a53f-b5bcb776bca2,macro.shop,premium,84,29,5,,,
67362263-7fff-442a-ae44-cf6c3d9cea30,main.shop,premium,94,30,4,,,
d3088d53-1259-4874-a167-8cf79c896f89,managing.shop,premium,70,9,8,,,
af735b8b-643e-4c4d-a0e2-5694a1c9a7e4,mature.shop,premium,92,14,6,,,
b5d591fc-0df2-4daf-8f33-245c0ef46fc3,mean.shop,premium,64,12,4,,,
2687ec87-644d-4c46-addc-b4cf2cbef98c,mixture.shop,resell,70,7,7,ALIBABA.COM SINGAPORE E-COMMERCE PRIVATE LIMITED,28/03/2025 13:10,28/03/2026 23:59
df91c191-6f9c-4fa5-b0dc-59bdfd07ad38,modish.shop,premium,66,6,6,,,
f36d4c2b-78a1-45c9-9342-b28f402b2ea3,never.shop,premium,76,21,5,,,
4a2911f0-92e8-49f3-b1c7-0c88689a2bc8,newyear.shop,premium,78,9,8,,,
f1d67bdc-f86b-4450-92ed-abb5542374f4,next.shop,premium,92,43,4,,,
1ed9402b-91a6-4999-ac1e-a970208bc5d7,nineteen.shop,premium,84,7,8,,,
746e55bb-458f-4a26-80be-3ebd3ef9694d,nondrinker.shop,premium,64,2,10,,,
a48942db-2bcc-47ae-933c-0b65fc3318ea,nought.shop,premium,92,4,6,,,
8e314760-777b-466f-bb78-1e40d54a90dd,obscure.shop,premium,78,15,7,,,
ebfa71d2-0d01-45a9-bb49-758306c5682a,octad.shop,premium,58,6,5,,,
f9733fbb-7b70-425a-a649-7a18a8738f9d,octet.shop,premium,60,12,5,,,
413642fa-1d3a-4708-95f4-6744181490f4,ogdoad.shop,available,50,2,6,,,
407204b3-1b0f-4bfa-89eb-f5284cfa07ef,omen.shop,premium,88,15,4,,,
0c66f6a5-4d23-4d51-ba14-b16576241377,operose.shop,available,54,3,7,,,
35c94fb5-a1a8-4aa2-bb94-68d0463bf59d,optionally.shop,available,61,1,10,,,
0c1e0980-76e3-4ff0-b29c-95efc434ab8f,participating.shop,available,,2,13,,,
7a2cffc1-58d4-49bd-aae7-d0b8ee772b67,passable.shop,available,60,2,8,,,
c6d2ae4c-d2bc-44fb-89ba-63980591b80f,pat.shop,premium,78,24,3,,,
d0d0aa66-68aa-4feb-ace6-c83af49bf9cd,patient.shop,premium,68,19,7,,,
f924759a-fdb6-4dde-9dcb-a0047930d2fc,patriotic.shop,premium,86,6,9,,,
b7f93115-cbab-4f41-b201-cb901becaebb,paunchy.shop,available,60,1,7,,,
a70b4476-1fa3-4332-9681-b5d385be47da,peaceful.shop,resell,86,12,8,"Spaceship, Inc.",18/08/2025 01:17,18/08/2026 23:59
bbfe3238-c4bf-4918-afb8-84dce02edb8f,peak.shop,premium,66,33,4,,,
2726d89e-2ae3-471c-a749-c6ab1a28284b,pentad.shop,premium,58,3,6,,,
bf8c2afa-6fc2-40f6-85a7-04d3ed88aac3,perfected.shop,available,70,4,9,,,
9464290d-4ad4-40a4-a9c4-b204960d1448,perpetual.shop,premium,82,25,9,,,
1c027bc9-9d52-4d11-911e-4cc47406fb30,pitted.shop,premium,56,2,6,,,
bcd275d0-51ed-4890-892b-9897a6f12544,pity.shop,resell,112,4,4,"Spaceship, Inc.",05/02/2025 17:35,05/02/2026 23:59
bdfd89ca-9e90-495d-8b4e-29edb5c84bf7,plane.shop,premium,108,20,5,,,
f9482a6d-8314-49e4-96b7-8c3cca12b1ca,potbellied.shop,premium,56,1,10,,,
15f497aa-109e-4435-824f-df864eecadca,prank.shop,premium,106,11,5,,,
4be54fb5-df70-47fe-9e45-5681e9cdcace,preference.shop,premium,96,8,10,,,
6dc74cb6-7aab-4380-bf56-cd45ac81fd1d,primer.shop,premium,64,13,6,,,
8e6a2497-241f-485a-a322-26202c051bd6,probable.shop,premium,85,5,8,,,
95ffa392-8fe0-47ee-bae6-bd9b87662d0f,profitable.shop,premium,73,9,10,,,
b6f60556-9604-4c7f-944f-c14eb4122c5f,profound.shop,premium,111,17,8,,,
0e6760c7-8db4-485c-917c-d975f17a4185,progress.shop,resell,82,29,8,Alibaba Cloud Computing Ltd.,19/02/2021 00:17,19/02/2026 23:59
d0e11084-1544-4550-ab39-a30533a8c1aa,proper.shop,premium,71,24,6,,,
2c4baf1f-6f68-4be3-9fe8-fb53bc6b0600,provoke.shop,premium,68,9,7,,,
2452e51a-cc08-496b-bdb6-f32ed24f7529,publicised.shop,premium,67,1,10,,,
f221b0da-d62f-4c9b-aa86-86c4f361b611,publicized.shop,premium,67,1,10,,,
ec3db96d-53b0-4608-b50e-fd49a7e53b4d,punishing.shop,premium,68,1,9,,,
001f5ab8-cc07-4dfe-be4d-64fa34089b34,put.shop,premium,78,15,3,,,
88ae4866-f4c3-4737-b2cc-b820ca352f14,quadruplet.shop,available,54,2,10,,,
97978d68-78ca-40c0-b4e2-e981439c1d03,quiteafew.shop,available,56,0,11,,,
1830d60d-cb18-4185-a652-0a5228b00d53,quizbowl.shop,available,,3,9,,,
334be4bd-a665-46b9-acad-074a1abf08cd,rake.shop,premium,60,10,4,,,
bbeee67e-1e3c-405d-9541-e8cdb8c34a9d,rearward.shop,available,68,1,8,,,
52ad2d4d-c59d-4961-84e7-17f14f92b0f0,reflection.shop,premium,72,13,10,,,
1b713270-b132-45d6-8a38-d8cd3ccc88a5,rejected.shop,premium,52,4,8,,,
8cfa4cd8-0570-479e-bd0f-cac7d1b9676b,resonating.shop,available,65,3,10,,,
cb248b07-8637-47e8-961d-32a66e2e34c4,resounding.shop,premium,88,3,10,,,
f4e31f2f-9d8c-4a39-bcee-e11702fafbd6,respected.shop,premium,81,4,9,,,
0f47f50f-cf94-4a0c-bf12-5a1bb1efbb68,reversed.shop,premium,63,6,8,,,
97fdea93-21cb-4ff7-a2be-56d6879f2bac,revolved.shop,available,61,2,8,,,
12c4459c-f9e5-4013-9e03-cf5496c9cbe6,ride.shop,premium,94,30,4,,,
695a8c56-3370-4003-a64e-cba80dcd3405,rip.shop,premium,58,22,3,,,
a3af1345-bcb7-4c76-9867-8f8f06c338fe,riveravon.shop,available,70,1,10,,,
3fdb91d7-f01b-4ce8-a32b-9183f4313537,rotated.shop,available,65,1,7,,,
81373c3b-77e8-445d-957b-1c8fb6701fe4,roughly.shop,available,62,3,7,,,
ff9c62ee-e8fd-434c-9683-fb6361cbc8bd,sandlike.shop,available,46,1,8,,,
a01070fc-b2f5-4768-8464-81823ae330f3,sandy.shop,premium,76,16,5,,,
24e29808-4cec-4fd0-8f5a-c41dbc775903,savage.shop,premium,50,36,6,,,
ad0eae2d-6135-45a7-8bb8-d832e2840732,scheme.shop,premium,66,12,6,,,
da3a49f6-56bf-4ef6-b7cf-abc10f8c9fb9,school.shop,premium,102,33,6,,,
1071b135-962d-4a15-beef-026cd0258f1c,science.shop,premium,106,38,7,,,
58497f98-1886-487d-a14b-96a5e0c25dd3,scorched.shop,resell,50,5,8,GoDaddy.com LLC,16/07/2017 09:45,16/07/2026 23:59
47303d75-327a-442f-aa0e-11eca8403255,second.shop,premium,120,21,6,,,
b630b491-ff59-43cd-b7f2-17257b272d09,secondary.shop,premium,78,12,9,,,
78a5b961-3622-4377-9980-c1bb13ff2ba7,sedative.shop,available,76,1,8,,,
1f0071c9-1d17-4fe9-a86a-22bc4f6dd114,seventeen.shop,premium,84,5,9,,,
1b83c52c-d262-4a97-a78a-2703d3a64e18,shy.shop,available,64,15,3,,,
f14ab16f-087e-44c5-b1ed-06f02055f94d,siberian.shop,available,74,7,8,,,
76434f4b-5f4d-4000-a2b9-bf7b8d9fae85,sickabed.shop,premium,42,0,9,,,
202c742b-87e3-4bf0-93bb-0891d9e61e6f,side.shop,available,78,20,4,,,
298c2a8b-7bd7-4287-99a8-b01b66380ed9,sighted.shop,available,66,3,7,,,
68eae398-38b4-4145-b88a-96d9c2397e2c,silver.shop,premium,56,26,6,,,
fdc66aaa-93b8-46c2-ae09-5490f7e465c1,sixteen.shop,premium,88,9,7,,,
9a8e790a-2512-4c13-bf42-3056ec343e38,sixteenth.shop,premium,62,1,9,,,
a3257aff-7558-4502-bc6b-b35421219b6f,slave.shop,premium,66,19,5,,,
76a018dd-b959-4eb2-9d31-0d2383e0f8dd,smooth.shop,premium,122,21,6,,,
d017ff99-1245-4926-8816-78a891b79186,some.shop,premium,80,27,4,,,
2adc4106-5e50-4be7-a64d-504e779dffbb,spare.shop,premium,62,12,5,,,
a23af9f8-44f5-4c61-918e-78d026b19f8c,sperm.shop,premium,90,9,5,,,
3352e03a-71ad-426a-af4a-009a0e5696c0,spermcell.shop,available,62,1,10,,,
300dab78-858c-40cd-a613-2e8352b11374,spf.shop,premium,98,16,3,,,
2207886f-2552-4920-acc7-9602d7a15c40,state.shop,available,90,17,5,,,
55b4a9bb-97bc-4235-a0b0-d8649369380b,stockexchange.shop,premium,70,9,14,,,
37d3b7c6-fd28-4c1e-9244-02542b6ca5af,strategy.shop,premium,74,42,8,,,
fc660997-ffff-4125-90aa-fc9189da5c4f,sunbaked.shop,available,50,5,8,,,
d5c8070c-a93b-48aa-b922-9ec9eaa0f256,superb.shop,premium,78,15,6,,,
7523744d-b7dc-4d50-8727-15f795710eca,sweptback.shop,available,44,1,9,,,
5ce9a802-51b1-4c8f-b757-b7fff60de1ef,tailless.shop,available,51,2,8,,,
e54adcea-f801-41dd-b024-8868d2efe122,tap.shop,premium,78,32,3,,,
c542d09e-ffb6-4db9-9374-3d5d136b646a,tentative.shop,premium,81,3,9,,,
cc82b7e6-3c9a-4c4c-93e5-9accca0a6389,tenth.shop,resell,116,7,5,"XIAMEN CHINASOURCE INTERNET SERVICE CO., LTD.",24/10/2024 00:37,24/10/2025 23:59
fc4db31e-ae80-4af7-aed8-58c0d5a9b420,tercet.shop,premium,59,3,6,,,
278349f5-f557-4474-8326-fae0ff83e981,ternion.shop,premium,54,4,7,,,
41c2a662-f5be-4c35-aa2e-766458c5b75f,terzetto.shop,available,56,4,8,,,
050ffd0c-09c1-424c-9fdc-faa1962bcb84,text.shop,available,98,34,4,,,
f8fd6df2-109a-45a5-b580-7ab841cac19d,textile.shop,available,86,16,7,,,
05ec68a6-a9e7-4338-9e00-bd30e8467a73,thousandth.shop,premium,76,1,10,,,
8e21a3cc-a0cc-469b-9c61-acd31c0ddae5,three.shop,premium,88,20,5,,,
3b4d763e-3d79-4d7e-b896-7253b2ed63d4,tierce.shop,premium,52,3,6,,,
5d8c1204-e070-4db2-82db-135697835be7,toad.shop,premium,76,13,4,,,
04b397c9-b882-4faa-bba5-e929e082fab1,toadfrog.shop,available,47,1,9,,,
5517c4af-13b8-4abd-bb17-0ee21830de35,toilsome.shop,available,50,1,8,,,
a36f81e9-e9d3-49d1-a946-33822417d29d,train.shop,premium,72,23,5,,,
c1a56dde-3dc1-4468-b2d8-bc83e1f6fac2,triad.shop,premium,56,16,5,,,
b256f636-4ec0-4cec-bf3e-c336a514bebf,trick.shop,premium,106,13,5,,,
2663cbe8-ea01-4105-80ea-a544aba7cb43,truth.shop,premium,112,33,5,,,
c1acc702-cf38-4996-9860-b01d6d17c46d,tug.shop,premium,88,9,3,,,
51d65cbb-8232-4340-977e-86a307289ac4,turned.shop,premium,66,4,6,,,
8e35592a-63a0-45b3-a4b1-6014b66ef849,twentysix.shop,resell,78,7,10,"Spaceship, Inc.",01/03/2025 05:02,01/03/2026 23:59
55725e84-729c-4a88-b0e8-31dc2b5a05e8,twoscore.shop,premium,54,2,8,,,
f0f3b4bf-9f5d-4ef9-98e8-8e744f332540,under.shop,premium,104,18,5,,,
bbdec18f-6d7a-4fac-9e18-545298e6ed7a,unkeyed.shop,premium,37,1,7,,,
8c495a19-d1c7-404a-9bb1-8ed8660939dd,unused.shop,premium,56,5,6,,,
0a197081-7ef3-4444-a3b1-eff069117814,upto.shop,resell,66,10,5,"Spaceship, Inc.",07/05/2025 02:06,07/05/2026 23:59
5a7a6f29-b43e-4445-94ac-62cffa77e1ad,upward.shop,premium,68,18,6,,,
951cf19b-085b-4e23-ac53-219efc26ba94,upwards.shop,resell,66,8,7,ALIBABA.COM SINGAPORE E-COMMERCE PRIVATE LIMITED,28/03/2025 12:59,28/03/2026 23:59
bda9ab79-05c6-40ed-bfeb-4ea237f71210,venerable.shop,premium,88,5,9,,,
e447b61f-b48b-4584-931f-9476b1e0e5d2,violated.shop,premium,52,2,8,,,
09c07c47-7ddf-4402-9f46-a41035b8e203,wakeup.shop,premium,72,23,7,,,
f65d265e-0bbc-4ed4-8f09-d013b9c2405c,watchful.shop,premium,64,6,8,,,
4328f0bb-918b-413d-94c6-eef63543ab3f,whatever.shop,premium,116,23,8,,,
14f315ef-3e4b-4624-8df5-386cfbe586af,whatsoever.shop,premium,60,3,10,,,
48d9be5f-c7e3-40fc-952f-17b2003b684e,xli.shop,premium,56,5,3,,,
ee00627e-626d-4c54-ae7e-e7a0a0edd9b3,xvi.shop,premium,66,4,3,,,
85160a0c-cca4-4a79-a7c7-ac90c1b56c7d,xvii.shop,premium,66,4,4,,,
63092eaf-4c7f-4834-8920-71d69c4d172e,xxv.shop,premium,66,5,3,,,
6b8e2191-bb5b-4eab-a1d0-6bb5a5e814bc,xxvi.shop,premium,66,2,4,,,
e30c2bf9-8d6b-4735-aa1b-b6101821d5eb,xxvii.shop,premium,56,3,5,,,
ed7bc7ee-e1c7-48a4-9e2e-5d2ce9ff00ea,xxviii.shop,premium,56,1,6,,,
4a3ffe3d-55c6-4135-9024-b35912b27dad,xxx.shop,premium,53,31,3,,,
30247dce-3927-4a76-a88e-379dcc15500b,xxxii.shop,premium,56,1,5,,,
75c68a2b-e10e-4eea-8216-21595fabf1eb,xxxiii.shop,premium,56,2,6,,,
9cc5bfdb-f6ed-4869-a40e-15fa806fb2ee,xxxiv.shop,premium,56,1,5,,,
25a2b5e9-721f-401e-bb7d-5f3d0ffe1fc4,xxxv.shop,premium,56,4,4,,,
73d52966-95ae-46a0-995e-d54a47f1b276,yard.shop,premium,80,22,4,,,
b96a2ccd-1f7a-462a-bca8-a6d42783e88c,yelled.shop,available,66,1,6,,,